,Quantile,Threshold,Size,Num_Users,Num_Packages,Sparsity,OP_Iter,OP_Rank,Running Time,MAE,RMSE,Coverage
0,0.1,3.0,2513981,17482,48,0.1,2,2,339.4827370643616,0.28846226705161254,0.7758392819075767,1.0
1,0.2,3.0,2513981,17482,48,0.1,2,2,326.0159993171692,0.09000364120471012,0.19130866673398408,1.0
2,0.30000000000000004,4.0,2297177,14990,46,0.11,2,2,258.2245442867279,0.11816709257526595,0.327073507940344,1.0
3,0.4,4.0,2297177,14990,46,0.11,2,2,257.0056297779083,0.20235062555121713,0.39316487792125315,1.0
4,0.5,5.0,1777613,10511,45,0.13,2,2,139.82492685317993,0.14332194192452727,0.24482890143988437,1.0
5,0.6,5.0,1777613,10511,45,0.13,2,2,140.11998105049133,0.1324442113951524,0.23878275640239266,1.0
6,0.7000000000000001,5.0,1777613,10511,45,0.13,2,2,140.07910346984863,0.1820719883705231,0.3607485496586194,1.0
7,0.8,6.0,1080018,5700,44,0.15,2,2,45.675382137298584,0.11019948767081868,0.18785080622293848,1.0
